,Model,Accuracy,Error Rate,ROC AUC,Precision,Recall,F1 Score,SS, F1 Score
0,SVM,0.7734126984126986,0.22658730158730161,0.7736111111111111,0.8169444444444444,0.7347222222222219,,0.0,0.7492195767195764
1,LR,0.8055555555555557,0.1944444444444444,0.8055555555555558,0.8797222222222222,0.7444444444444441,,0.0,0.778955026455026
2,NB,0.7674603174603177,0.23253968253968246,0.7687500000000003,0.9263888888888888,0.5736111111111111,,0.0,0.6796031746031744
3,KNN,0.7253968253968257,0.27460317460317457,0.7270833333333335,0.8225,0.6124999999999999,,0.0,0.6729365079365076
4,DT,0.6750000000000003,0.3250000000000001,0.6750000000000003,0.711388888888889,0.6749999999999997,,0.0,0.6648544973544972
5,RF,0.7369047619047621,0.26309523809523816,0.7361111111111114,0.7980555555555554,0.7083333333333331,,0.0,0.7201190476190472
6,SGBC,0.761904761904762,0.2380952380952381,0.7618055555555556,0.7666666666666665,0.7819444444444442,,,0.7460582010582006
7,GBC,0.7202380952380955,0.2797619047619049,0.7194444444444447,0.784722222222222,0.6861111111111108,,,0.7029761904761901
8,Ada,0.7031746031746032,0.2968253968253969,0.7006944444444445,0.7134126984126985,0.7597222222222219,,,0.7159704184704182
