,Model,Accuracy,Error Rate,ROC AUC,Precision,Recall,F1 Score,SS, F1 Score
0,SVM,0.7873015873015875,0.21269841269841272,0.7875000000000002,0.8461111111111109,0.7402777777777775,,0.0,0.7637433862433858
1,LR,0.7896825396825398,0.21031746031746026,0.7895833333333336,0.8574999999999998,0.7291666666666663,,0.0,0.7601851851851846
2,NB,0.6892857142857144,0.3107142857142858,0.6916666666666668,0.8319444444444444,0.41944444444444434,,0.0,0.5267460317460319
3,KNN,0.7408730158730161,0.25912698412698415,0.7409722222222225,0.8458333333333332,0.5986111111111112,,0.0,0.6791269841269839
4,DT,0.6531746031746033,0.34682539682539676,0.6541666666666668,0.7033333333333334,0.6666666666666664,,0.0,0.651190476190476
5,RF,0.7579365079365081,0.24206349206349204,0.7569444444444448,0.8272222222222221,0.7138888888888887,,0.0,0.7373015873015869
6,SGBC,0.7595238095238094,0.24047619047619048,0.7590277777777779,0.806111111111111,0.7444444444444444,,,0.732896825396825
7,GBC,0.7067460317460318,0.2932539682539682,0.7069444444444445,0.7716666666666664,0.6749999999999997,,,0.688769841269841
8,Ada,0.7087301587301588,0.2912698412698413,0.7076388888888889,0.7311111111111112,0.7291666666666664,,,0.7044841269841268
