,Model,Accuracy,Error Rate,ROC AUC,Precision,Recall,F1 Score,SS, F1 Score
0,SVM,0.7678571428571429,0.23214285714285715,0.7680555555555556,0.8144444444444443,0.7347222222222219,,0.0,0.7469576719576716
1,LR,0.8170634920634924,0.18293650793650787,0.8173611111111115,0.8747222222222223,0.7624999999999996,,0.0,0.7923544973544968
2,NB,0.7904761904761906,0.20952380952380953,0.7881944444444446,0.8252777777777777,0.7763888888888887,,0.0,0.7745767195767191
3,KNN,0.7067460317460318,0.2932539682539683,0.707638888888889,0.7777777777777776,0.6083333333333331,,0.0,0.6586111111111108
4,DT,0.6547619047619048,0.3452380952380951,0.6541666666666667,0.6741666666666666,0.6736111111111108,,0.0,0.6503703703703702
5,RF,0.7547619047619049,0.24523809523809526,0.7534722222222224,0.808611111111111,0.7236111111111109,,0.0,0.7354100529100526
6,SGBC,0.8063492063492065,0.19365079365079366,0.8069444444444447,0.8555555555555556,0.7916666666666663,,,0.794444444444444
7,GBC,0.6761904761904762,0.32380952380952377,0.6756944444444445,0.7072222222222222,0.6916666666666665,,,0.6688095238095236
8,Ada,0.7146825396825398,0.2853174603174604,0.7125,0.7283333333333333,0.7569444444444441,,,0.7217592592592589
