,Model,Accuracy,Error Rate,ROC AUC,Precision,Recall,F1 Score,SS, F1 Score
0,SVM,0.7567460317460318,0.24325396825396825,0.7562500000000001,0.7949999999999999,0.7277777777777775,,0.0,0.7359523809523805
1,LR,0.8111111111111113,0.18888888888888883,0.8111111111111114,0.8672222222222222,0.7611111111111108,,0.0,0.784907407407407
2,NB,0.7793650793650796,0.22063492063492057,0.7770833333333336,0.8119444444444441,0.7652777777777774,,0.0,0.7628439153439147
3,KNN,0.7218253968253966,0.27817460317460313,0.7236111111111111,0.7958333333333331,0.6236111111111111,,0.0,0.676269841269841
4,DT,0.6952380952380952,0.30476190476190473,0.6965277777777777,0.7358333333333333,0.7027777777777777,,0.0,0.6884656084656082
5,RF,0.7361111111111113,0.26388888888888895,0.7354166666666669,0.7942460317460317,0.7124999999999998,,0.0,0.7202164502164498
6,SGBC,0.7753968253968252,0.22460317460317464,0.7756944444444444,0.7805555555555556,0.7388888888888888,,,0.735753968253968
7,GBC,0.703968253968254,0.2960317460317461,0.7027777777777778,0.7411111111111112,0.7069444444444443,,,0.6929761904761903
8,Ada,0.7166666666666667,0.2833333333333334,0.7145833333333333,0.737857142857143,0.761111111111111,,,0.7226370851370849
