,Model,Accuracy,Error Rate,ROC AUC,Precision,Recall,F1 Score,SS, F1 Score
0,SVM,0.7626984126984128,0.2373015873015873,0.7625000000000001,0.8038888888888888,0.7291666666666663,,0.0,0.742050264550264
1,LR,0.8083333333333335,0.19166666666666662,0.8083333333333336,0.8616666666666666,0.7611111111111108,,0.0,0.7826851851851848
2,NB,0.7702380952380955,0.2297619047619047,0.7715277777777781,0.9277777777777777,0.5736111111111111,,0.0,0.6825396825396822
3,KNN,0.7218253968253966,0.27817460317460313,0.7236111111111111,0.7958333333333331,0.6236111111111111,,0.0,0.676269841269841
4,DT,0.6626984126984127,0.3373015873015873,0.6625,0.6777777777777778,0.6763888888888887,,0.0,0.6598412698412696
5,RF,0.7436507936507938,0.2563492063492064,0.7437500000000002,0.7997222222222221,0.7138888888888887,,0.0,0.7257142857142853
6,SGBC,0.7666666666666669,0.23333333333333328,0.765277777777778,0.8125,0.7291666666666663,,,0.7355158730158726
7,GBC,0.7063492063492064,0.2936507936507937,0.7055555555555556,0.7436111111111111,0.7013888888888887,,,0.6910317460317459
8,Ada,0.7166666666666667,0.2833333333333334,0.7145833333333333,0.7381349206349207,0.761111111111111,,,0.7224386724386721
