,Model,Accuracy,Error Rate,ROC AUC,Precision,Recall,F1 Score,SS, F1 Score
0,SVM,0.7031746031746031,0.29682539682539694,0.7027777777777776,0.7694444444444444,0.6208333333333332,,0.0,0.6513095238095237
1,LR,0.7357142857142858,0.26428571428571435,0.7354166666666668,0.8291666666666667,0.6152777777777777,,0.0,0.6731878306878305
2,NB,0.6896825396825397,0.3103174603174603,0.6909722222222221,0.8347222222222223,0.44444444444444436,,0.0,0.5518253968253969
3,KNN,0.6134920634920634,0.3865079365079364,0.6159722222222221,0.6811111111111112,0.5472222222222222,,0.0,0.574047619047619
4,DT,0.6563492063492062,0.3436507936507936,0.6590277777777777,0.6641666666666666,0.6819444444444442,,0.0,0.64005291005291
5,RF,0.7003968253968254,0.29960317460317454,0.701388888888889,0.7255555555555554,0.6861111111111111,,0.0,0.6792989417989415
6,SGBC,0.7158730158730157,0.2841269841269842,0.7194444444444442,0.7588888888888891,0.7180555555555556,,,0.6914682539682538
7,GBC,0.6821428571428572,0.3178571428571429,0.6826388888888889,0.7033333333333334,0.6666666666666666,,,0.6587301587301585
8,Ada,0.6400793650793649,0.359920634920635,0.6402777777777777,0.6591666666666669,0.6125000000000003,,,0.6013227513227515
